Fund Name,P1,P2,P3,P4,P5,Topsis Score,RANK
M1,0.67,0.45,6.5,42.6,12.56,0.5272273439715092,4
M2,0.6,0.36,3.6,53.3,14.47,0.5000937658458868,6
M3,0.82,0.67,3.8,63.1,17.1,0.48896230930041773,7
M4,0.6,0.36,3.5,69.2,18.42,0.6077702958951781,1
M5,0.76,0.58,4.8,43.0,12.29,0.3497539938755822,2
M6,0.69,0.48,6.6,48.7,14.12,0.5907598220277231,3
M7,0.79,0.62,4.8,59.2,16.35,0.5315764753754072,8
M8,0.84,0.71,6.5,34.5,10.64,0.3862553691954577,5
