Fund Name,P1,P2,P3,P4,P5,Topsis Score,RANK
M1,0.67,0.45,6.5,42.6,12.56,0.4427443700335125,7
M2,0.6,0.36,3.6,53.3,14.47,0.3158694045277572,3
M3,0.82,0.67,3.8,63.1,17.1,0.6146009154139492,6
M4,0.6,0.36,3.5,69.2,18.42,0.4894338275476757,8
M5,0.76,0.58,4.8,43.0,12.29,0.3998171061294128,4
M6,0.69,0.48,6.6,48.7,14.12,0.5320953322338304,1
M7,0.79,0.62,4.8,59.2,16.35,0.6427330412859107,5
M8,0.84,0.71,6.5,34.5,10.64,0.5067588654325552,2
